use music;

INSERT INTO `song` VALUES 
    (1,'20th Century Promise',4),
    (2,'37 grados',4),
    (3,'4th of July',3),
    (4,'7 Deadly Sins',6),
    (5,'A cara o cruz',5),
    (6,'A sort of homecoming',3),
    (7,'Afterglow',4),
    (8,'Al atardecer',4),
    (9,'Al sur',3),
    (10,'Alive And Kicking',4),
    (11,'All The things She..',4),
    (12,'Alma de blues',4),
    (13,'And The Band ...',4),
    (14,'Andas junto a mí',3),
    (15,'Annabel Lee',3),
    (16,'Anything she does',3),
    (17,'Artitoestoy',4),
    (18,'Asoma el llanto',3),
    (19,'Babyface',4),
    (20,'Bad',2),
    (21,'Barbara del campo',4),
    (22,'Beautiful day',5),
    (23,'Before',4),
    (24,'Black and blue',3),
    (25,'Blame',4),
    (26,'Book of Brilliant...',5),
    (27,'Brazilian',4),
    (28,'Cada historia',3),
    (29,'Can\'t dance',4),
    (30,'Careful In Career',4),
    (31,'Carpet crawlers',4),
    (32,'Cinema show',5),
    (33,'Come A Long Way',2),
    (34,'Cómo hemos cambiado',3),
    (35,'Criminal World',5),
    (36,'Cuando quiero sol',5),
    (37,'Daddys Goma pay for',5),
    (38,'Dance on a volcano',4),
    (39,'De puntillas',3),
    (40,'De sol a sol',4),
    (41,'Dirty day',5),
    (42,'Domino',5),
    (43,'Don\'t',4),
    (44,'Dreaming while ...',4),
    (45,'Driving the last...',4),
    (46,'E.de C. instrumental',3),
    (47,'East At Easter',4),
    (48,'El canto del gallo',5),
    (49,'El hombre de papel',2),
    (50,'El nadador',3),
    (51,'Elvis Presley & USA',3),
    (52,'En Portugal',3),
    (53,'En la oscuridad',5),
    (54,'En un baile de perro',2),
    (55,'Encadenada',4),
    (56,'Escuela de calor',3),
    (57,'Even Better Than...',3),
    (58,'Every body gets...',5),
    (59,'Fading lights',5),
    (60,'Fire',4),
    (61,'Firth of fith',4),
    (62,'Fly',4),
    (63,'Get up',4),
    (64,'Ghostdancing',3),
    (65,'Gloria',3),
    (67,'Great Leap Forward',4),
    (68,'Guitarra y voice',1),
    (69,'Hadaly',3),
    (70,'Hay algo raro...',3),
    (71,'Historia de playback',3),
    (72,'Hypnotised',5),
    (73,'I Fall Down',4),
    (74,'I Threw a Brick',3),
    (75,'I Wish You Were Here',4),
    (76,'I know what I like',3),
    (77,'Icaro',3),
    (78,'In the glow of night',4),
    (79,'In too deep',4),
    (80,'Indian summer sky',4),
    (81,'Invisible touch',3),
    (82,'Is That All',3),
    (83,'Jesus he knows me',5),
    (84,'La futura promesa',3),
    (85,'La ley',4),
    (86,'La mala hora',3),
    (87,'La negra flor',5),
    (88,'La noche',2),
    (89,'La secta del mar',3),
    (90,'Lamb lies down...',5),
    (91,'Land of confusion',4),
    (92,'League Of nations',4),
    (93,'Lemon',6),
    (94,'Let\'s pretend...',5),
    (95,'Living forever',4),
    (96,'Living years',4),
    (97,'Llovió',2),
    (98,'Lluvia del porvenir',3),
    (99,'Los endos',4),
    (100,'Love is Blindness',4),
    (101,'Luna de agosto',3),
    (102,'MLK',2),
    (103,'Me das el mar',3),
    (104,'Mil mariposas',3),
    (105,'Moon Cry Like A Baby',4),
    (106,'Musical box',4),
    (107,'My Life',4),
    (108,'My crime of passion',3),
    (109,'Mysterious Ways',4),
    (110,'Nada tiene sentido',3),
    (111,'Never a time',5),
    (112,'Ni tú ni yo',3),
    (113,'Night Music',4),
    (114,'No hay humor',3),
    (115,'No hay palabras',3),
    (116,'No son of mine',4),
    (117,'Nobody knows',3),
    (118,'Nobody\'s perfect',3),
    (119,'Numb',4),
    (120,'October',3),
    (121,'Oh Jungleland',3),
    (122,'Once Upon A Time',4),
    (123,'One',4),
    (124,'Oscuro affaire',3),
    (125,'Poor boy down',2),
    (126,'Price',1),
    (127,'Promenade',3),
    (128,'Recibes cartas',3),
    (130,'Rejoice',4),
    (131,'Río Po',4),
    (132,'Robbery, assault...',3),
    (133,'Sanctify yourself',4),
    (134,'Scarlet',4),
    (135,'Sed de amor',4),
    (136,'Seeing is believing',5),
    (137,'Semilla negra',4),
    (138,'Sentir tu calor',4),
    (139,'Ser de agua',3),
    (140,'Shake Of The Ghosts',3),
    (141,'She\'s A river',3),
    (142,'Since I lost you',4),
    (143,'So Cruel',6),
    (144,'Some days are better',4),
    (145,'Sound In 70 Cities',4),
    (146,'Speed Your Love...',4),
    (147,'Squok',4),
    (148,'Stay',4),
    (149,'Stop baby',4),
    (150,'Stranger in a Land',4),
    (151,'Street Hassle',4),
    (152,'Supper\'s ready',5),
    (153,'Tell me why',5),
    (154,'The Kick Inside ofme',4),
    (155,'The american',4),
    (156,'The first time',3),
    (157,'The last domino',5),
    (158,'The unforgettable fi',5),
    (159,'The wanderer',4),
    (160,'Theme For Great city',3),
    (161,'This Time',3),
    (162,'Throwing it all away',4),
    (163,'Time and place',4),
    (164,'Tomorrow',3),
    (165,'Tonight, tonight...',4),
    (166,'Tormenta de arena',4),
    (167,'Tryin to Throw...',4),
    (168,'Ultra Violet',5),
    (169,'Un africano...',3),
    (170,'Until The end...',5),
    (171,'Up On The Catwalk',4),
    (172,'Volviendo a casa',3),
    (173,'Waterfront',3),
    (174,'Way of the world',5),
    (175,'Way you look at me',3),
    (176,'White Hot Day',5),
    (177,'Whos Gonna ride...',5),
    (178,'Why me?',3),
    (179,'Wire',2),
    (180,'With a Shout',4),
    (181,'Wonderful In Young',5),
    (182,'Word of mouth',3),
    (183,'Yesterday, today,..',2),(184,'Zoo Station',4),
    (185,'Zooropa',6),
    (186,'Hold on my heart',4);

INSERT INTO `company` VALUES 
    (1,'Island','67, JB St.','78782222','72724444'),
    (2,'ARIOLA','Aragón 204','913667889','913667890'),
    (3,'WEA','L Hoyos 42','','932401213'),
    (4,'Virgin','2,23th St.','20812445','20812446'),
    (5,'ATLANTIC','12, E St.','5481223','5482312'),
    (6,'PoliDiscos','Camí de Vera',null,'3870000'),
    (7,'PoliDiscos','Polynesia St.','942380540','942380522');

INSERT INTO `band` VALUES 
    (1,'U2','1977-01-01 00:00:00','England'),
    (2,'Simple Minds','1979-02-09 00:00:00','England'),
    (3,'Mike + The Mechanics','1988-04-06 00:00:00','England'),
    (4,'Genesis','1975-10-10 00:00:00','England'),
    (5,'Presuntos Implicados','1985-11-01 00:00:00','Spain'),
    (6,'Radio Futura','1980-01-07 00:00:00','Spain');

INSERT INTO `album` VALUES 
    (1,'October','1981-10-12 00:00:00',1,1),
    (10,'Word of mouth','1991-05-07 00:00:00',5,3),
    (11,'We can\'t dance','1991-02-02 00:00:00',5,4),
    (12,'Invisible touch','1986-03-03 00:00:00',5,4),
    (13,'Seconds out','1986-08-08 00:00:00',5,4),
    (14,'De sol a sol','1987-01-08 00:00:00',3,5),
    (15,'Ser de agua','1991-02-05 00:00:00',3,5),
    (16,'Alma de blues','1989-02-03 00:00:00',3,5),
    (17,'La ley del desierto','1984-03-02 00:00:00',2,6),
    (18,'La canción de JPerro','1987-04-03 00:00:00',2,6),
    (2,'Zooropa','1994-08-10 00:00:00',1,1),
    (3,'The unforgettable fi','1983-03-07 00:00:00',1,1),
    (4,'Achtung baby','1991-12-09 00:00:00',1,1),
    (5,'Once upon a time','1985-10-10 00:00:00',4,2),
    (6,'Good news F.N. world','1995-11-12 00:00:00',4,2),
    (7,'Sparkle in the rain','1984-03-03 00:00:00',4,2),
    (8,'Sister feelings call','1981-03-04 00:00:00',4,2),
    (9,'Living years','1988-04-02 00:00:00',5,3);

INSERT INTO `song_album` VALUES (1,8),
    (2,18),
    (3,3),
    (4,6),
    (5,18),
    (6,3),
    (7,13),
    (8,15),
    (9,14),
    (10,5),
    (11,5),
    (12,16),
    (13,6),
    (14,15),
    (15,18),
    (16,12),
    (17,4),
    (18,16),
    (19,2),
    (20,3),
    (21,15),
    (22,9),
    (23,10),
    (24,9),
    (25,9),
    (26,7),
    (27,12),
    (28,16),
    (29,11),
    (30,8),
    (31,13),
    (32,13),
    (33,5),
    (34,15),
    (35,6),
    (36,15),
    (37,2),
    (38,13),
    (39,15),
    (40,14),
    (41,2),
    (42,12),
    (43,9),
    (44,11),
    (45,11),
    (46,17),
    (47,7),
    (48,18),
    (49,18),
    (50,17),
    (51,3),
    (52,17),
    (53,14),
    (54,18),
    (55,16),
    (56,17),
    (57,4),
    (58,10),
    (59,11),
    (60,1),
    (61,13),
    (62,4),
    (63,10),
    (64,5),
    (65,1),
    (67,6),
    (68,16),
    (69,17),
    (70,14),
    (71,17),
    (72,6),
    (73,1),
    (74,1),
    (75,5),
    (76,13),
    (77,15),
    (78,12),
    (79,12),
    (80,3),
    (81,12),
    (82,1),
    (83,11),
    (84,16),
    (85,17),
    (86,18),
    (87,18),
    (88,16),
    (89,17),
    (90,13),
    (91,12),
    (92,8),
    (93,2),
    (94,10),
    (95,11),
    (96,9),
    (97,15),
    (98,18),
    (99,13),
    (100,4),
    (101,18),
    (102,3),
    (103,16),
    (104,15),
    (105,7),
    (106,13),
    (107,6),
    (108,10),
    (109,4),
    (110,14),
    (111,11),
    (112,14),
    (113,6),
    (114,16),
    (115,16),
    (116,11),
    (117,9),
    (118,9),
    (119,2),
    (120,1),
    (121,5),
    (122,5),
    (123,4),
    (124,17),
    (125,9),
    (126,3),
    (127,3),
    (128,15),
    (130,1),
    (131,16),
    (132,13),
    (133,5),
    (134,1),
    (135,14),
    (136,9),
    (137,17),
    (138,15),
    (139,15),
    (140,7),
    (141,6),
    (142,11),
    (143,4),
    (144,2),
    (145,8),
    (146,7),
    (147,13),
    (148,2),
    (149,10),
    (150,1),
    (151,7),
    (152,13),
    (153,11),
    (154,7),
    (155,8),
    (156,2),
    (157,12),
    (158,3),
    (159,2),
    (160,8),
    (161,6),
    (162,12),
    (163,10),
    (164,1),
    (165,12),
    (166,17),
    (167,4),
    (168,4),
    (169,17),
    (170,4),
    (171,7),
    (172,14),
    (173,7),
    (174,11),
    (175,10),
    (176,7),
    (177,4),
    (178,9),
    (179,3),
    (180,1),
    (181,8),
    (182,10),
    (183,10),
    (184,4),
    (185,2),
    (186,11);

INSERT INTO `artist` VALUES 
    (1111111111,'Adrian Lee'),
    (1111111112,'Adam Clayton'),
    (1111111113,'Bono'),
    (1111111114,'C. Burchill'),
    (1111114444,'Carlos Torero'),
    (2345678444,'Edge'),
    (3232456547,'Phil Collins'),
    (3333567898,'Santiago Auserón'),
    (3454677777,'Jim Kerr'),
    (4444444444,'Larry Jr.Mullen'),
    (4454321111,'Luis Auserón'),
    (5454532222,'Paul Young'),
    (5555678976,'Enrique Sierra'),
    (5556787777,'J.L. Giménez'),
    (5656378999,'Soledad Giménez'),
    (6666667885,'Nacho Maño'),
    (7654323234,'P. van Hooke'),
    (7876543428,'Tony Banks'),
    (8884566666,'M. Rutherford');

INSERT INTO `fan_club` VALUES 
    (1,'Zoomanía','33, Abbey Road',2508,1),
    (10,'Machines','Calle 3, Lab 3',7789,3),
    (11,'Jardín Botánico','203,Valencia 46004',357,6),
    (12,'Bonoculture','12, East Av.',129,1),
    (13,'Waterfront','C/Martín Blas 22',234,2),
    (14,'FanMike','Beverly Hills 90210',11,3),
    (15,'Presuntos','C/Albacete 12, bajo',237,5),
    (16,'Implicado','Torrejón de Ardoz 12',25,5),
    (17,'Los Culpables','C/Maria Cristina 67',355,5),
    (2,'u2foryou','23, 11th Street',1700,1),
    (3,'Ché U2','C/Almussafes 59',239,1),
    (4,'Troglominds','C/Lepe 22',999,2),
    (5,'Mentes Fuertes','Ramón y Cajal 14',1984,2),
    (6,'The best mind','24, Homeround',1413,2),
    (7,'Genefans','C/Visitación 34',23412,4),
    (8,'Fanaticgens','Av. H. Dominicos 155',12002,4),
    (9,'Futuristas','C/Alboraya 10',9850,6);
    
INSERT INTO `band_component` VALUES 
    (1111111111,3,'keyboard'),
    (1111111112,1,'bass'),
    (1111111113,1,'voice'),
    (1111111114,2,'guitar'),
    (1111114444,6,'drums'),
    (2345678444,1,'guitar'),
    (3232456547,4,'voice'),
    (3333567898,6,'voice'),
    (3454677777,2,'voice'),
    (4444444444,1,'drums'),
    (4454321111,6,'bass'),
    (5454532222,3,'voice'),
    (5555678976,6,'guitar'),
    (5556787777,5,'guitar'),
    (5656378999,5,'voice'),
    (6666667885,5,'bass'),
    (7654323234,3,'drums'),
    (7876543428,4,'keyboard'),
    (8884566666,3,'bass'),
    (8884566666,4,'bass');
